id;content_picture;content_picture_content_type;content_sign_picture;content_sign_picture_content_type;video
1;../fake-data/blob/hipster.png;image/png;../fake-data/blob/hipster.png;image/png;Tennessee Operations input
2;../fake-data/blob/hipster.png;image/png;../fake-data/blob/hipster.png;image/png;ROI Incredible
3;../fake-data/blob/hipster.png;image/png;../fake-data/blob/hipster.png;image/png;override
4;../fake-data/blob/hipster.png;image/png;../fake-data/blob/hipster.png;image/png;B2B
5;../fake-data/blob/hipster.png;image/png;../fake-data/blob/hipster.png;image/png;Mountains Implementation Savings Account
6;../fake-data/blob/hipster.png;image/png;../fake-data/blob/hipster.png;image/png;Granite deposit incremental
7;../fake-data/blob/hipster.png;image/png;../fake-data/blob/hipster.png;image/png;synthesize
8;../fake-data/blob/hipster.png;image/png;../fake-data/blob/hipster.png;image/png;Global Planner
9;../fake-data/blob/hipster.png;image/png;../fake-data/blob/hipster.png;image/png;reinvent extend hacking
10;../fake-data/blob/hipster.png;image/png;../fake-data/blob/hipster.png;image/png;Dominican Republic wireless teal
